timestamp,CPU load in % for core VM-1170
2017-06-21T16:39:28.944590Z,3.8
2017-06-21T16:39:29.508603Z,0.7
2017-06-21T16:39:29.508961Z,3.5
2017-06-21T16:39:29.944603Z,3.8
2017-06-21T16:39:30.508604Z,0.8
2017-06-21T16:39:30.508961Z,3.5
2017-06-21T16:39:30.944618Z,3.8
2017-06-21T16:39:31.507628Z,0.9
2017-06-21T16:39:31.508960Z,3.5
2017-06-21T16:39:26.507576Z,0.7
2017-06-21T16:39:26.508961Z,1.6
2017-06-21T16:39:26.944575Z,5.3
2017-06-21T16:39:27.507575Z,0.8
2017-06-21T16:39:27.508961Z,1.6
2017-06-21T16:39:27.944589Z,2.7
2017-06-21T16:36:41.507605Z,0.8
2017-06-21T16:36:41.508961Z,1.5
2017-06-21T16:36:41.944613Z,1.6
2017-06-21T16:36:42.507615Z,0.8
2017-06-21T16:36:42.508961Z,1.5
2017-06-21T16:36:42.944607Z,1.6
2017-06-21T16:36:43.507624Z,0.9
2017-06-21T16:36:43.508961Z,1.5
2017-06-21T16:36:43.944616Z,1.6
2017-06-21T16:36:44.507620Z,0.8
2017-06-21T16:36:44.508961Z,1.5
2017-06-21T16:36:44.944628Z,1.6
2017-06-21T16:36:45.507629Z,0.8
2017-06-21T16:36:45.508962Z,1.5
2017-06-21T16:36:45.944623Z,1.6
2017-06-21T16:36:46.507638Z,0.8
2017-06-21T16:36:46.508961Z,1.5
2017-06-21T16:36:46.944633Z,1.6
2017-06-21T16:36:47.507634Z,0.9
2017-06-21T16:36:47.508961Z,1.5
2017-06-21T16:36:47.944642Z,1.6
2017-06-21T16:36:48.508642Z,0.8
2017-06-21T16:36:48.508960Z,1.5
2017-06-21T16:36:48.944639Z,1.6
2017-06-21T16:36:49.507653Z,0.9
2017-06-21T16:36:49.508961Z,1.5
2017-06-21T16:36:49.944648Z,1.6
2017-06-21T16:36:50.508647Z,0.8
2017-06-21T16:36:50.508960Z,1.5
2017-06-21T16:36:50.944658Z,1.6
2017-06-21T16:36:51.507658Z,0.8
2017-06-21T16:36:51.508961Z,1.5
2017-06-21T16:36:51.944653Z,1.6
2017-06-21T16:36:52.508666Z,0.8
2017-06-21T16:36:52.508961Z,1.5
2017-06-21T16:36:52.944660Z,1.6
2017-06-21T16:36:53.507664Z,0.8
2017-06-21T16:36:53.508961Z,1.5
2017-06-21T16:36:53.944671Z,1.7
2017-06-21T16:36:54.507672Z,0.7
2017-06-21T16:36:54.508961Z,1.5
2017-06-21T16:36:54.944668Z,1.6
2017-06-21T16:36:55.507683Z,0.9
2017-06-21T16:36:55.508961Z,1.5
2017-06-21T16:36:55.944676Z,1.6
2017-06-21T16:36:56.507678Z,0.8
2017-06-21T16:36:56.508961Z,1.5
2017-06-21T16:36:56.944686Z,1.6
2017-06-21T16:36:57.507689Z,0.8
2017-06-21T16:36:57.508961Z,1.5
2017-06-21T16:36:57.944682Z,1.6
2017-06-21T16:36:58.507697Z,0.8
2017-06-21T16:36:58.508961Z,1.5
2017-06-21T16:36:58.944691Z,1.6
2017-06-21T16:36:59.507694Z,0.8
2017-06-21T16:36:59.508961Z,1.5
2017-06-21T16:36:59.944700Z,1.6
2017-06-21T16:37:00.506713Z,0.8
2017-06-21T16:37:00.508961Z,1.5
2017-06-21T16:37:00.944697Z,1.6
2017-06-21T16:37:01.506713Z,0.8
2017-06-21T16:37:01.508961Z,1.5
2017-06-21T16:37:01.944706Z,1.6
2017-06-21T16:37:02.506717Z,0.9
2017-06-21T16:37:02.508961Z,1.5
2017-06-21T16:37:02.944715Z,1.6
2017-06-21T16:37:03.507717Z,0.8
2017-06-21T16:37:03.508961Z,1.5
2017-06-21T16:37:03.944724Z,1.6
2017-06-21T16:37:04.507726Z,0.8
2017-06-21T16:37:04.508961Z,1.5
2017-06-21T16:37:04.944720Z,1.6
2017-06-21T16:37:05.506724Z,0.8
2017-06-21T16:37:05.508961Z,1.5
2017-06-21T16:37:05.944730Z,1.6
2017-06-21T16:37:06.506732Z,0.8
2017-06-21T16:37:06.508961Z,1.5
2017-06-21T16:37:06.944737Z,1.6
2017-06-21T16:37:07.506742Z,0.9
2017-06-21T16:37:07.508961Z,1.5
2017-06-21T16:37:07.944736Z,1.6
2017-06-21T16:37:08.506738Z,0.9
2017-06-21T16:37:08.508961Z,1.5
2017-06-21T16:37:08.944744Z,1.6
2017-06-21T16:37:09.506747Z,0.9
2017-06-21T16:37:09.508961Z,1.5
2017-06-21T16:37:09.944738Z,1.6
2017-06-21T16:37:10.506756Z,0.8
2017-06-21T16:37:10.508961Z,1.5
2017-06-21T16:37:10.944748Z,1.6
2017-06-21T16:37:11.506753Z,0.9
2017-06-21T16:37:11.508961Z,1.5
2017-06-21T16:37:11.944759Z,1.6
2017-06-21T16:37:12.506763Z,0.8
2017-06-21T16:37:12.508961Z,1.5
2017-06-21T16:37:12.944770Z,1.6
2017-06-21T16:37:13.506772Z,0.9
2017-06-21T16:37:13.508962Z,1.5
2017-06-21T16:37:13.944764Z,1.6
2017-06-21T16:37:14.506767Z,0.8
2017-06-21T16:37:14.508961Z,1.5
2017-06-21T16:37:14.944774Z,1.6
2017-06-21T16:37:15.506776Z,0.8
2017-06-21T16:37:15.508962Z,1.5
2017-06-21T16:37:15.944782Z,1.6
2017-06-21T16:37:16.506785Z,0.8
2017-06-21T16:37:16.508962Z,1.5
2017-06-21T16:37:16.944778Z,1.6
2017-06-21T16:37:17.507780Z,0.7
2017-06-21T16:37:17.508961Z,1.5
2017-06-21T16:37:17.944786Z,1.7
2017-06-21T16:37:18.506791Z,0.7
2017-06-21T16:37:18.508961Z,1.5
2017-06-21T16:37:18.944797Z,1.6
2017-06-21T16:37:19.507798Z,0.9
2017-06-21T16:37:19.508961Z,1.5
2017-06-21T16:37:19.944793Z,1.6
2017-06-21T16:37:20.506796Z,0.8
2017-06-21T16:37:20.508961Z,1.5
2017-06-21T16:37:20.944802Z,1.6
2017-06-21T16:37:21.507804Z,0.8
2017-06-21T16:37:21.508961Z,1.5
2017-06-21T16:37:21.944812Z,1.6
2017-06-21T16:37:22.507814Z,0.8
2017-06-21T16:37:22.508962Z,1.5
2017-06-21T16:37:22.944809Z,1.6
2017-06-21T16:37:23.506811Z,0.9
2017-06-21T16:37:23.508961Z,1.5
2017-06-21T16:37:23.944817Z,1.6
2017-06-21T16:37:24.506820Z,0.8
2017-06-21T16:37:24.508961Z,1.5
2017-06-21T16:37:24.944827Z,1.6
2017-06-21T16:37:25.506841Z,0.9
2017-06-21T16:37:25.508961Z,1.5
2017-06-21T16:37:25.944841Z,1.6
2017-06-21T16:37:26.506854Z,1.0
2017-06-21T16:37:26.508962Z,1.5
2017-06-21T16:37:26.944869Z,1.6
2017-06-21T16:37:27.506883Z,0.9
2017-06-21T16:37:27.508962Z,1.5
2017-06-21T16:37:27.944899Z,1.6
2017-06-21T16:37:28.506910Z,0.9
2017-06-21T16:37:28.508962Z,1.5
2017-06-21T16:37:28.944911Z,1.6
2017-06-21T16:37:29.506923Z,0.9
2017-06-21T16:37:29.508961Z,1.5
2017-06-21T16:37:29.944937Z,1.6
2017-06-21T16:37:30.506950Z,0.9
2017-06-21T16:37:30.508961Z,1.5
2017-06-21T16:37:30.944963Z,1.6
2017-06-21T16:37:31.506976Z,0.9
2017-06-21T16:37:31.508961Z,1.5
2017-06-21T16:37:31.944977Z,1.6
2017-06-21T16:37:32.506989Z,0.8
2017-06-21T16:37:32.508961Z,1.5
2017-06-21T16:37:32.945003Z,1.6
2017-06-21T16:37:33.507016Z,0.8
2017-06-21T16:37:33.508961Z,1.6
2017-06-21T16:37:33.945035Z,1.8
2017-06-21T16:37:34.508962Z,1.8
2017-06-21T16:37:34.512042Z,1.2
2017-06-21T16:37:34.945039Z,2.0
2017-06-21T16:37:35.508064Z,0.4
2017-06-21T16:37:35.508961Z,1.6
2017-06-21T16:37:35.945067Z,1.7
2017-06-21T16:37:36.507079Z,0.7
2017-06-21T16:37:36.508961Z,1.5
2017-06-21T16:37:36.945092Z,1.7
2017-06-21T16:37:37.507103Z,0.7
2017-06-21T16:37:37.508961Z,1.5
2017-06-21T16:37:37.945104Z,1.7
2017-06-21T16:37:38.507116Z,0.7
2017-06-21T16:37:38.508961Z,1.5
2017-06-21T16:37:38.945129Z,1.7
2017-06-21T16:37:39.508138Z,0.7
2017-06-21T16:37:39.508961Z,1.5
2017-06-21T16:37:39.945154Z,1.7
2017-06-21T16:37:40.507164Z,0.7
2017-06-21T16:37:40.508961Z,1.5
2017-06-21T16:37:40.945165Z,1.7
2017-06-21T16:37:41.507175Z,0.7
2017-06-21T16:37:41.508961Z,1.5
2017-06-21T16:37:41.944226Z,1.6
2017-06-21T16:37:42.507199Z,0.8
2017-06-21T16:37:42.508961Z,1.5
2017-06-21T16:37:42.944227Z,1.6
2017-06-21T16:37:43.507223Z,0.8
2017-06-21T16:37:43.508961Z,1.5
2017-06-21T16:37:43.944228Z,1.6
2017-06-21T16:37:44.508245Z,0.8
2017-06-21T16:37:44.508961Z,1.5
2017-06-21T16:37:44.944249Z,1.6
2017-06-21T16:37:45.507257Z,0.7
2017-06-21T16:37:45.508961Z,1.5
2017-06-21T16:37:45.944272Z,1.6
2017-06-21T16:37:46.507280Z,0.8
2017-06-21T16:37:46.508961Z,1.5
2017-06-21T16:37:46.944283Z,1.6
2017-06-21T16:37:47.507290Z,0.8
2017-06-21T16:37:47.508961Z,1.5
2017-06-21T16:37:47.944306Z,1.6
2017-06-21T16:37:48.507313Z,0.8
2017-06-21T16:37:48.508961Z,1.5
2017-06-21T16:37:48.944328Z,1.6
2017-06-21T16:37:49.507336Z,0.7
2017-06-21T16:37:49.508962Z,1.5
2017-06-21T16:37:49.944338Z,1.6
2017-06-21T16:37:50.507345Z,0.8
2017-06-21T16:37:50.508961Z,1.5
2017-06-21T16:37:50.944358Z,1.6
2017-06-21T16:37:51.507368Z,0.7
2017-06-21T16:37:51.508961Z,1.5
2017-06-21T16:37:51.944383Z,1.6
2017-06-21T16:37:52.508963Z,1.5
2017-06-21T16:37:52.509387Z,0.8
2017-06-21T16:37:52.944390Z,1.6
2017-06-21T16:37:53.507400Z,0.8
2017-06-21T16:37:53.508961Z,1.5
2017-06-21T16:37:53.944412Z,1.6
2017-06-21T16:37:54.507421Z,0.8
2017-06-21T16:37:54.508961Z,1.5
2017-06-21T16:37:54.944435Z,1.6
2017-06-21T16:37:55.507443Z,0.8
2017-06-21T16:37:55.508961Z,1.5
2017-06-21T16:37:55.944444Z,1.6
2017-06-21T16:37:56.507451Z,0.8
2017-06-21T16:37:56.508961Z,1.5
2017-06-21T16:37:56.944463Z,1.7
2017-06-21T16:37:57.508472Z,0.7
2017-06-21T16:37:57.508961Z,1.5
2017-06-21T16:37:57.944487Z,1.7
2017-06-21T16:37:58.508492Z,0.7
2017-06-21T16:37:58.508961Z,1.5
2017-06-21T16:37:58.944495Z,1.6
2017-06-21T16:37:59.508514Z,0.7
2017-06-21T16:37:59.508961Z,1.5
2017-06-21T16:37:59.944516Z,1.7
2017-06-21T16:38:00.508521Z,0.7
2017-06-21T16:38:00.508961Z,1.5
2017-06-21T16:38:00.944536Z,1.6
2017-06-21T16:38:01.507544Z,0.7
2017-06-21T16:38:01.508971Z,1.5
2017-06-21T16:38:01.944545Z,1.6
2017-06-21T16:38:02.507552Z,0.8
2017-06-21T16:38:02.508962Z,1.5
2017-06-21T16:38:02.944565Z,1.6
2017-06-21T16:38:03.507571Z,0.7
2017-06-21T16:38:03.508962Z,1.5
2017-06-21T16:38:03.944586Z,1.6
2017-06-21T16:38:04.507593Z,0.8
2017-06-21T16:38:04.508961Z,1.5
2017-06-21T16:38:04.944592Z,1.6
2017-06-21T16:38:05.507600Z,0.8
2017-06-21T16:38:05.508962Z,1.5
2017-06-21T16:38:05.944612Z,1.6
2017-06-21T16:38:06.507620Z,0.8
2017-06-21T16:38:06.508961Z,1.5
2017-06-21T16:38:06.944632Z,1.6
2017-06-21T16:38:07.507640Z,0.8
2017-06-21T16:38:07.508961Z,1.5
2017-06-21T16:38:07.944639Z,1.6
2017-06-21T16:38:08.507660Z,0.8
2017-06-21T16:38:08.508962Z,1.5
2017-06-21T16:38:08.944659Z,1.6
2017-06-21T16:38:09.507666Z,0.9
2017-06-21T16:38:09.508961Z,1.5
2017-06-21T16:38:09.944679Z,1.6
2017-06-21T16:38:10.507686Z,0.8
2017-06-21T16:38:10.508961Z,1.5
2017-06-21T16:38:10.944683Z,1.6
2017-06-21T16:38:11.507705Z,0.8
2017-06-21T16:38:11.508962Z,1.5
2017-06-21T16:38:11.944704Z,1.6
2017-06-21T16:38:12.506713Z,0.8
2017-06-21T16:38:12.508962Z,1.5
2017-06-21T16:38:12.944723Z,1.6
2017-06-21T16:38:13.506732Z,0.9
2017-06-21T16:38:13.508961Z,1.5
2017-06-21T16:38:13.944730Z,1.6
2017-06-21T16:38:14.506738Z,0.9
2017-06-21T16:38:14.508961Z,1.5
2017-06-21T16:38:14.944749Z,1.6
2017-06-21T16:38:15.506757Z,0.9
2017-06-21T16:38:15.508961Z,1.5
2017-06-21T16:38:15.944767Z,1.6
2017-06-21T16:38:16.507775Z,0.9
2017-06-21T16:38:16.508961Z,1.5
2017-06-21T16:38:16.944772Z,1.6
2017-06-21T16:38:17.507792Z,0.9
2017-06-21T16:38:17.508961Z,1.5
2017-06-21T16:38:17.944791Z,1.6
2017-06-21T16:38:18.506799Z,0.9
2017-06-21T16:38:18.508961Z,1.5
2017-06-21T16:38:18.944810Z,1.6
2017-06-21T16:38:19.506818Z,0.8
2017-06-21T16:38:19.508961Z,1.5
2017-06-21T16:38:19.944815Z,1.6
2017-06-21T16:38:20.507835Z,0.9
2017-06-21T16:38:20.508961Z,1.5
2017-06-21T16:38:20.944833Z,1.6
2017-06-21T16:38:21.506841Z,0.8
2017-06-21T16:38:21.508961Z,1.5
2017-06-21T16:38:21.944851Z,1.6
2017-06-21T16:38:22.506860Z,0.9
2017-06-21T16:38:22.508962Z,1.5
2017-06-21T16:38:22.944856Z,1.6
2017-06-21T16:38:23.506864Z,0.9
2017-06-21T16:38:23.508961Z,1.5
2017-06-21T16:38:23.944874Z,1.6
2017-06-21T16:38:24.506883Z,0.8
2017-06-21T16:38:24.508961Z,1.5
2017-06-21T16:38:24.944892Z,1.6
2017-06-21T16:38:25.506901Z,0.9
2017-06-21T16:38:25.508962Z,1.5
2017-06-21T16:38:25.944896Z,1.6
2017-06-21T16:38:26.506904Z,0.9
2017-06-21T16:38:26.508961Z,1.5
2017-06-21T16:38:26.944914Z,1.6
2017-06-21T16:38:27.506922Z,0.9
2017-06-21T16:38:27.508962Z,1.5
2017-06-21T16:38:27.944931Z,1.6
2017-06-21T16:38:28.506940Z,0.8
2017-06-21T16:38:28.508961Z,1.5
2017-06-21T16:38:28.944934Z,1.6
2017-06-21T16:38:29.506945Z,0.9
2017-06-21T16:38:29.508962Z,1.5
2017-06-21T16:38:29.944953Z,1.6
2017-06-21T16:38:30.506963Z,0.8
2017-06-21T16:38:30.508961Z,1.5
2017-06-21T16:38:30.944969Z,1.6
2017-06-21T16:38:31.506979Z,1.0
2017-06-21T16:38:31.508961Z,1.5
2017-06-21T16:38:31.944974Z,1.6
2017-06-21T16:38:32.507995Z,0.9
2017-06-21T16:38:32.508961Z,1.5
2017-06-21T16:38:32.944992Z,1.6
2017-06-21T16:38:33.507000Z,0.8
2017-06-21T16:38:33.508961Z,1.6
2017-06-21T16:38:33.945009Z,1.6
2017-06-21T16:38:34.507016Z,0.8
2017-06-21T16:38:34.508961Z,1.6
2017-06-21T16:38:34.945012Z,1.7
2017-06-21T16:38:35.507020Z,1.0
2017-06-21T16:38:35.508961Z,1.8
2017-06-21T16:38:35.945035Z,2.0
2017-06-21T16:38:36.508963Z,1.8
2017-06-21T16:38:36.509042Z,1.1
2017-06-21T16:38:36.945061Z,2.0
2017-06-21T16:38:37.507052Z,0.3
2017-06-21T16:38:37.508962Z,1.6
2017-06-21T16:38:37.945049Z,1.8
2017-06-21T16:38:38.508962Z,1.5
2017-06-21T16:38:38.510064Z,0.7
2017-06-21T16:38:38.945066Z,1.7
2017-06-21T16:38:39.507073Z,0.7
2017-06-21T16:38:39.508961Z,1.5
2017-06-21T16:38:39.945081Z,1.7
2017-06-21T16:38:40.508087Z,0.7
2017-06-21T16:38:40.508961Z,1.5
2017-06-21T16:38:40.945084Z,1.7
2017-06-21T16:38:41.507092Z,0.7
2017-06-21T16:38:41.508961Z,1.5
2017-06-21T16:38:41.945102Z,1.7
2017-06-21T16:38:42.508962Z,1.5
2017-06-21T16:38:42.510117Z,0.7
2017-06-21T16:38:42.945116Z,1.7
2017-06-21T16:38:43.507124Z,0.7
2017-06-21T16:38:43.508961Z,1.5
2017-06-21T16:38:43.945121Z,1.6
2017-06-21T16:38:44.507128Z,0.7
2017-06-21T16:38:44.508961Z,1.5
2017-06-21T16:38:44.945137Z,1.6
2017-06-21T16:38:45.507144Z,0.7
2017-06-21T16:38:45.508961Z,1.5
2017-06-21T16:38:45.945153Z,1.6
2017-06-21T16:38:46.507160Z,0.7
2017-06-21T16:38:46.508961Z,1.5
2017-06-21T16:38:46.945155Z,1.6
2017-06-21T16:38:47.507162Z,0.7
2017-06-21T16:38:47.508962Z,1.5
2017-06-21T16:38:47.945170Z,1.7
2017-06-21T16:38:48.508177Z,0.7
2017-06-21T16:38:48.508961Z,1.5
2017-06-21T16:38:48.945186Z,1.6
2017-06-21T16:38:49.507194Z,0.7
2017-06-21T16:38:49.508961Z,1.5
2017-06-21T16:38:49.945190Z,1.7
2017-06-21T16:38:50.508208Z,0.7
2017-06-21T16:38:50.508961Z,1.5
2017-06-21T16:38:50.945206Z,1.6
2017-06-21T16:38:51.507211Z,0.7
2017-06-21T16:38:51.508961Z,1.5
2017-06-21T16:38:51.944228Z,1.6
2017-06-21T16:38:52.508226Z,0.8
2017-06-21T16:38:52.508961Z,1.5
2017-06-21T16:38:52.944232Z,1.7
2017-06-21T16:38:53.508962Z,1.5
2017-06-21T16:38:53.509239Z,0.7
2017-06-21T16:38:53.944242Z,1.7
2017-06-21T16:38:54.507245Z,0.7
2017-06-21T16:38:54.508961Z,1.5
2017-06-21T16:38:54.944254Z,1.7
2017-06-21T16:38:55.507261Z,0.8
2017-06-21T16:38:55.508961Z,1.5
2017-06-21T16:38:55.944260Z,1.7
2017-06-21T16:38:56.507276Z,0.7
2017-06-21T16:38:56.508961Z,1.5
2017-06-21T16:38:56.944272Z,1.7
2017-06-21T16:38:57.507277Z,0.7
2017-06-21T16:38:57.508961Z,1.5
2017-06-21T16:38:57.944289Z,1.7
2017-06-21T16:38:58.507293Z,0.7
2017-06-21T16:38:58.508961Z,1.5
2017-06-21T16:38:58.944291Z,1.6
2017-06-21T16:38:59.508307Z,0.7
2017-06-21T16:38:59.508961Z,1.5
2017-06-21T16:38:59.944306Z,1.7
2017-06-21T16:39:00.508962Z,1.5
2017-06-21T16:39:00.509306Z,0.7
2017-06-21T16:39:00.944321Z,1.6
2017-06-21T16:39:01.508323Z,0.8
2017-06-21T16:39:01.508961Z,1.5
2017-06-21T16:39:01.944322Z,1.6
2017-06-21T16:39:02.508963Z,1.5
2017-06-21T16:39:02.509336Z,0.8
2017-06-21T16:39:02.944336Z,1.7
2017-06-21T16:39:03.507341Z,0.7
2017-06-21T16:39:03.508961Z,1.5
2017-06-21T16:39:03.944352Z,1.7
2017-06-21T16:39:04.508355Z,0.7
2017-06-21T16:39:04.508961Z,1.5
2017-06-21T16:39:04.944354Z,1.6
2017-06-21T16:39:05.507371Z,0.7
2017-06-21T16:39:05.508961Z,1.5
2017-06-21T16:39:05.944368Z,1.6
2017-06-21T16:39:06.507372Z,0.7
2017-06-21T16:39:06.508961Z,1.5
2017-06-21T16:39:06.944382Z,1.6
2017-06-21T16:39:07.508385Z,0.7
2017-06-21T16:39:07.508961Z,1.5
2017-06-21T16:39:07.944385Z,1.6
2017-06-21T16:39:08.508401Z,0.7
2017-06-21T16:39:08.508961Z,1.5
2017-06-21T16:39:08.944399Z,1.7
2017-06-21T16:39:09.508401Z,0.7
2017-06-21T16:39:09.508961Z,1.5
2017-06-21T16:39:09.944412Z,1.7
2017-06-21T16:39:10.507417Z,0.7
2017-06-21T16:39:10.508961Z,1.5
2017-06-21T16:39:10.944415Z,1.6
2017-06-21T16:39:11.507432Z,0.7
2017-06-21T16:39:11.508961Z,1.5
2017-06-21T16:39:11.944428Z,1.7
2017-06-21T16:39:12.507433Z,0.7
2017-06-21T16:39:12.508961Z,1.5
2017-06-21T16:39:12.944445Z,1.7
2017-06-21T16:39:13.507447Z,0.7
2017-06-21T16:39:13.508961Z,1.5
2017-06-21T16:39:13.944445Z,1.7
2017-06-21T16:39:14.508460Z,0.7
2017-06-21T16:39:14.508961Z,1.5
2017-06-21T16:39:14.944458Z,1.7
2017-06-21T16:39:15.507463Z,0.7
2017-06-21T16:39:15.508961Z,1.5
2017-06-21T16:39:15.944473Z,1.7
2017-06-21T16:39:16.508962Z,1.5
2017-06-21T16:39:16.509473Z,0.7
2017-06-21T16:39:16.944476Z,1.7
2017-06-21T16:39:36.944763Z,3.8
2017-06-21T16:39:37.507774Z,0.8
2017-06-21T16:39:37.508976Z,3.4
2017-06-21T16:39:37.944776Z,3.8
2017-06-21T16:39:38.506804Z,0.6
2017-06-21T16:39:38.508960Z,3.7
2017-06-21T16:39:38.944807Z,4.3
2017-06-21T16:39:39.506819Z,0.6
2017-06-21T16:39:39.508960Z,3.5
2017-06-21T16:39:39.944832Z,4.0
2017-06-21T16:39:40.506846Z,0.6
2017-06-21T16:39:40.508960Z,3.5
2017-06-21T16:39:40.944848Z,3.8
2017-06-21T16:39:41.506874Z,0.5
2017-06-21T16:39:41.508960Z,3.5
2017-06-21T16:39:41.944876Z,3.9
2017-06-21T16:39:42.506888Z,0.5
2017-06-21T16:39:42.508960Z,3.5
2017-06-21T16:39:42.944903Z,3.9
2017-06-21T16:39:43.506915Z,0.5
2017-06-21T16:39:43.508960Z,3.5
2017-06-21T16:39:43.944916Z,3.9
2017-06-21T16:39:44.508960Z,3.5
2017-06-21T16:39:44.509936Z,0.4
2017-06-21T16:39:44.944941Z,3.9
2017-06-21T16:39:45.506955Z,0.5
2017-06-21T16:39:45.508960Z,3.4
2017-06-21T16:39:45.944970Z,3.8
2017-06-21T16:39:46.506981Z,0.5
2017-06-21T16:39:46.508960Z,3.4
2017-06-21T16:39:46.944228Z,3.8
2017-06-21T16:39:47.508004Z,0.5
2017-06-21T16:39:47.508960Z,7.2
2017-06-21T16:39:47.944234Z,3.9
2017-06-21T16:39:48.507019Z,0.5
2017-06-21T16:39:48.508960Z,3.6
2017-06-21T16:39:48.944259Z,4.2
2017-06-21T16:39:49.507044Z,0.5
2017-06-21T16:39:49.508960Z,3.8
2017-06-21T16:39:49.944271Z,4.0
2017-06-21T16:39:50.508068Z,0.6
2017-06-21T16:39:50.508960Z,3.4
2017-06-21T16:39:50.944297Z,3.7
2017-06-21T16:39:51.507083Z,0.7
2017-06-21T16:39:51.508960Z,3.4
2017-06-21T16:39:51.944322Z,3.7
2017-06-21T16:39:52.507107Z,0.7
2017-06-21T16:39:53.370652Z,3.4
2017-06-21T16:39:53.507132Z,0.7
2017-06-21T16:39:53.532132Z,3.7
2017-06-21T16:39:54.370650Z,3.4
2017-06-21T16:39:54.507023Z,1.4
2017-06-21T16:39:54.532144Z,3.7
2017-06-21T16:39:55.507043Z,10.1
2017-06-21T16:39:56.272193Z,8.2
2017-06-21T16:39:56.432401Z,11.8
2017-06-21T16:39:56.506885Z,9.7
2017-06-21T16:39:57.272192Z,7.7
2017-06-21T16:39:57.432424Z,10.6
2017-06-21T16:39:57.507084Z,8.2
2017-06-21T16:39:58.272192Z,7.7
2017-06-21T16:39:58.432450Z,9.0
2017-06-21T16:39:58.507096Z,7.4
2017-06-21T16:39:59.432458Z,7.2
2017-06-21T16:39:59.507119Z,7.2
2017-06-21T16:40:00.068191Z,4.0
2017-06-21T16:40:00.464485Z,6.7
2017-06-21T16:40:00.507143Z,7.2
2017-06-21T16:40:01.068191Z,4.6
2017-06-21T16:40:01.464499Z,6.2
2017-06-21T16:40:01.507153Z,7.0
2017-06-21T16:40:02.068191Z,3.9
2017-06-21T16:40:02.464313Z,6.6
2017-06-21T16:40:02.506712Z,7.3
2017-06-21T16:40:03.068191Z,4.2
2017-06-21T16:40:03.464318Z,6.4
2017-06-21T16:40:03.506730Z,7.0
2017-06-21T16:40:04.068191Z,4.4
2017-06-21T16:40:04.464341Z,6.4
2017-06-21T16:40:04.506714Z,7.0
2017-06-21T16:40:05.068191Z,4.0
2017-06-21T16:40:05.464364Z,6.6
2017-06-21T16:40:05.506734Z,7.2
2017-06-21T16:40:06.068191Z,4.5
2017-06-21T16:40:06.464373Z,6.2
2017-06-21T16:40:06.506756Z,7.0
2017-06-21T16:40:07.068191Z,4.0
2017-06-21T16:40:07.464399Z,6.5
2017-06-21T16:40:07.506766Z,7.1
2017-06-21T16:40:08.068191Z,4.0
2017-06-21T16:40:08.464418Z,6.7
2017-06-21T16:40:08.506788Z,7.2
2017-06-21T16:40:09.068191Z,4.6
2017-06-21T16:40:09.464307Z,6.1
2017-06-21T16:40:09.506798Z,7.1
2017-06-21T16:40:10.068191Z,3.9
2017-06-21T16:40:10.464322Z,6.5
2017-06-21T16:40:10.506820Z,7.2
2017-06-21T16:40:11.068191Z,4.1
2017-06-21T16:40:11.464348Z,6.6
2017-06-21T16:40:11.506843Z,7.1
2017-06-21T16:40:12.068191Z,4.5
2017-06-21T16:40:12.464369Z,6.3
2017-06-21T16:40:12.506865Z,7.0
2017-06-21T16:40:13.068190Z,3.9
2017-06-21T16:40:13.464382Z,6.5
2017-06-21T16:40:13.506872Z,7.2
2017-06-21T16:40:14.068191Z,4.2
2017-06-21T16:40:14.464511Z,6.5
2017-06-21T16:40:14.506894Z,7.1
2017-06-21T16:40:15.068190Z,4.5
2017-06-21T16:40:15.464422Z,6.3
2017-06-21T16:40:15.506916Z,7.0
2017-06-21T16:40:16.068190Z,3.8
2017-06-21T16:40:16.464553Z,6.2
2017-06-21T16:40:16.506924Z,7.2
2017-06-21T16:40:17.068191Z,3.8
2017-06-21T16:40:17.464447Z,6.2
2017-06-21T16:40:17.506945Z,7.0
2017-06-21T16:40:18.068191Z,4.0
2017-06-21T16:40:18.464583Z,6.2
2017-06-21T16:40:18.506966Z,7.0
2017-06-21T16:40:19.068191Z,3.8
2017-06-21T16:40:19.464476Z,6.2
2017-06-21T16:40:19.506974Z,7.0
2017-06-21T16:40:20.068191Z,3.8
2017-06-21T16:40:20.464625Z,6.2
2017-06-21T16:40:20.506995Z,7.2
2017-06-21T16:40:21.068191Z,3.8
2017-06-21T16:40:21.464517Z,6.3
2017-06-21T16:40:21.507016Z,8.1
2017-06-21T16:40:22.068191Z,3.8
2017-06-21T16:40:22.464532Z,6.6
2017-06-21T16:40:22.507023Z,8.3
2017-06-21T16:40:23.068191Z,3.7
2017-06-21T16:40:23.464550Z,6.2
2017-06-21T16:40:23.507068Z,7.3
2017-06-21T16:40:24.068191Z,3.7
2017-06-21T16:40:24.464670Z,6.2
2017-06-21T16:40:24.507061Z,7.0
2017-06-21T16:40:25.068191Z,3.7
2017-06-21T16:40:25.464684Z,6.3
2017-06-21T16:40:25.506706Z,7.0
2017-06-21T16:40:26.068192Z,3.7
2017-06-21T16:40:26.464573Z,6.2
2017-06-21T16:40:26.506727Z,7.0
2017-06-21T16:40:27.068191Z,3.8
2017-06-21T16:40:27.464593Z,6.2
2017-06-21T16:40:27.507084Z,7.0
2017-06-21T16:40:28.068191Z,3.7
2017-06-21T16:40:28.464595Z,6.2
2017-06-21T16:40:28.506716Z,7.0
2017-06-21T16:40:29.068191Z,3.7
2017-06-21T16:40:29.464602Z,6.2
2017-06-21T16:40:29.507100Z,6.9
2017-06-21T16:40:30.068191Z,3.7
2017-06-21T16:40:30.464617Z,6.2
2017-06-21T16:40:30.506731Z,7.0
2017-06-21T16:40:31.068191Z,3.7
2017-06-21T16:40:31.464745Z,6.2
2017-06-21T16:40:31.506746Z,6.9
2017-06-21T16:40:32.068191Z,3.7
2017-06-21T16:40:32.464640Z,6.2
2017-06-21T16:40:32.506760Z,7.0
2017-06-21T16:40:33.068191Z,3.7
2017-06-21T16:40:33.464653Z,6.2
2017-06-21T16:40:33.506762Z,7.0
2017-06-21T16:40:34.068191Z,3.7
2017-06-21T16:40:34.464648Z,6.2
2017-06-21T16:40:34.506776Z,7.0
2017-06-21T16:40:35.068191Z,3.8
2017-06-21T16:40:35.464663Z,6.4
2017-06-21T16:40:35.507159Z,6.9
2017-06-21T16:40:36.068191Z,4.0
2017-06-21T16:40:36.464677Z,6.8
2017-06-21T16:40:36.506791Z,6.9
2017-06-21T16:40:37.068192Z,4.1
2017-06-21T16:40:37.464684Z,6.8
2017-06-21T16:40:37.506710Z,7.0
2017-06-21T16:40:38.068192Z,3.9
2017-06-21T16:40:38.464698Z,6.7
2017-06-21T16:40:38.506726Z,6.9
2017-06-21T16:40:39.068191Z,3.9
2017-06-21T16:40:39.464706Z,6.5
2017-06-21T16:40:39.506718Z,7.0
2017-06-21T16:40:40.068191Z,3.8
2017-06-21T16:40:40.464707Z,6.4
2017-06-21T16:40:40.506733Z,7.0
2017-06-21T16:40:41.068191Z,3.8
2017-06-21T16:40:41.464722Z,6.4
2017-06-21T16:40:41.506719Z,6.9
2017-06-21T16:40:42.068191Z,3.9
2017-06-21T16:40:42.464742Z,6.4
2017-06-21T16:40:42.506732Z,6.9
2017-06-21T16:40:43.068191Z,3.8
2017-06-21T16:40:43.464745Z,6.5
2017-06-21T16:40:43.506734Z,6.9
2017-06-21T16:40:44.068191Z,3.8
2017-06-21T16:40:44.464751Z,6.5
2017-06-21T16:40:44.506748Z,6.9
2017-06-21T16:40:45.068191Z,3.9
2017-06-21T16:40:45.464764Z,6.5
2017-06-21T16:40:45.506762Z,6.9
2017-06-21T16:40:46.068191Z,3.8
2017-06-21T16:40:46.464766Z,6.5
2017-06-21T16:40:46.506762Z,7.0
2017-06-21T16:40:47.068190Z,3.9
2017-06-21T16:40:47.464786Z,6.6
2017-06-21T16:40:47.506777Z,6.9
2017-06-21T16:40:48.068190Z,4.2
2017-06-21T16:40:48.464307Z,6.8
2017-06-21T16:40:48.506791Z,7.0
2017-06-21T16:40:49.068191Z,4.3
2017-06-21T16:40:49.464309Z,7.0
2017-06-21T16:40:49.506791Z,7.0
2017-06-21T16:40:50.068191Z,4.5
2017-06-21T16:40:50.464310Z,7.2
2017-06-21T16:40:50.506806Z,7.1
2017-06-21T16:40:51.068190Z,4.6
2017-06-21T16:40:51.464325Z,7.4
2017-06-21T16:40:51.506819Z,7.1
2017-06-21T16:40:52.068190Z,4.8
2017-06-21T16:40:52.464325Z,7.5
2017-06-21T16:40:52.506820Z,7.3
2017-06-21T16:40:53.068192Z,4.8
2017-06-21T16:40:53.464340Z,7.5
2017-06-21T16:40:53.506835Z,7.5
2017-06-21T16:40:54.068190Z,4.8
2017-06-21T16:40:54.464852Z,7.7
2017-06-21T16:40:54.506848Z,7.7
2017-06-21T16:40:55.068191Z,4.8
2017-06-21T16:40:55.464355Z,7.5
2017-06-21T16:40:55.506850Z,7.7
2017-06-21T16:40:56.068191Z,4.7
2017-06-21T16:40:56.464368Z,7.4
2017-06-21T16:40:56.506864Z,7.6
2017-06-21T16:40:57.068191Z,4.6
2017-06-21T16:40:57.464888Z,7.4
2017-06-21T16:40:57.506878Z,7.6
2017-06-21T16:40:58.068191Z,4.6
2017-06-21T16:40:58.464396Z,7.5
2017-06-21T16:40:58.506879Z,7.5
2017-06-21T16:40:59.068191Z,4.7
2017-06-21T16:40:59.464405Z,7.4
2017-06-21T16:40:59.506892Z,7.6
2017-06-21T16:41:00.068192Z,4.4
2017-06-21T16:41:00.464411Z,7.0
2017-06-21T16:41:00.506906Z,7.1
2017-06-21T16:41:01.068192Z,4.2
2017-06-21T16:41:01.464426Z,6.9
2017-06-21T16:41:01.506907Z,6.9
2017-06-21T16:41:02.068192Z,4.2
2017-06-21T16:41:02.464932Z,6.8
2017-06-21T16:41:02.506921Z,6.8
2017-06-21T16:41:03.068192Z,4.2
2017-06-21T16:41:03.464440Z,6.5
2017-06-21T16:41:03.506935Z,6.6
2017-06-21T16:41:04.068192Z,4.0
2017-06-21T16:41:04.464308Z,6.5
2017-06-21T16:41:04.506935Z,6.8
2017-06-21T16:41:05.068193Z,4.0
2017-06-21T16:41:05.464308Z,6.6
2017-06-21T16:41:05.506950Z,6.8
2017-06-21T16:41:06.068192Z,4.0
2017-06-21T16:41:06.464308Z,6.5
2017-06-21T16:41:06.506963Z,6.8
2017-06-21T16:41:07.068193Z,3.9
2017-06-21T16:41:07.464320Z,6.5
2017-06-21T16:41:07.506977Z,6.9
2017-06-21T16:41:08.068192Z,3.8
2017-06-21T16:41:08.464333Z,6.5
2017-06-21T16:41:08.506978Z,6.9
2017-06-21T16:41:09.068193Z,3.9
2017-06-21T16:41:09.464335Z,6.5
2017-06-21T16:41:09.506992Z,6.9
2017-06-21T16:41:10.068193Z,3.9
2017-06-21T16:41:10.464348Z,6.5
2017-06-21T16:41:10.507006Z,7.0
2017-06-21T16:41:11.068193Z,3.9
2017-06-21T16:41:11.464349Z,6.6
2017-06-21T16:41:11.507006Z,7.6
2017-06-21T16:41:12.068192Z,3.9
2017-06-21T16:41:12.464362Z,6.8
2017-06-21T16:41:12.507020Z,7.9
2017-06-21T16:41:13.068192Z,3.9
2017-06-21T16:41:13.464376Z,6.9
2017-06-21T16:41:13.507047Z,7.8
2017-06-21T16:41:14.068192Z,3.9
2017-06-21T16:41:14.464377Z,6.6
2017-06-21T16:41:14.507042Z,7.3
2017-06-21T16:41:15.068193Z,3.9
2017-06-21T16:41:15.464391Z,6.5
2017-06-21T16:41:15.507049Z,6.8
2017-06-21T16:41:16.068192Z,3.9
2017-06-21T16:41:16.464405Z,6.5
2017-06-21T16:41:16.507063Z,6.8
2017-06-21T16:41:17.068193Z,3.8
2017-06-21T16:41:17.464407Z,6.4
2017-06-21T16:41:17.507064Z,6.9
2017-06-21T16:41:18.068196Z,3.8
2017-06-21T16:41:18.464419Z,6.4
2017-06-21T16:41:18.507077Z,6.8
2017-06-21T16:41:19.068192Z,3.8
2017-06-21T16:41:19.464434Z,6.4
2017-06-21T16:41:19.507091Z,6.8
2017-06-21T16:41:20.068192Z,3.8
2017-06-21T16:41:20.464435Z,6.4
2017-06-21T16:41:20.507091Z,6.8
2017-06-21T16:41:21.068192Z,3.8
2017-06-21T16:41:21.464448Z,6.4
2017-06-21T16:41:21.507105Z,6.8
2017-06-21T16:41:22.068196Z,3.8
2017-06-21T16:41:22.464462Z,6.4
2017-06-21T16:41:22.507119Z,6.8
2017-06-21T16:41:23.068196Z,3.8
2017-06-21T16:41:23.464476Z,6.3
2017-06-21T16:41:23.507120Z,6.8
2017-06-21T16:41:24.068203Z,3.7
2017-06-21T16:41:24.464476Z,6.4
2017-06-21T16:41:24.507133Z,6.8
2017-06-21T16:41:25.068198Z,3.7
2017-06-21T16:41:25.464490Z,6.4
2017-06-21T16:41:25.507148Z,6.8
2017-06-21T16:41:26.068191Z,3.8
2017-06-21T16:41:26.464491Z,6.3
2017-06-21T16:41:26.507148Z,6.8
2017-06-21T16:41:27.068191Z,3.8
2017-06-21T16:41:27.464504Z,6.3
2017-06-21T16:41:27.507161Z,6.8
2017-06-21T16:41:28.068191Z,3.8
2017-06-21T16:41:28.464308Z,6.3
2017-06-21T16:41:28.506705Z,6.8
2017-06-21T16:41:29.068192Z,3.8
2017-06-21T16:41:29.464313Z,6.3
2017-06-21T16:41:29.506712Z,6.8
2017-06-21T16:41:30.068192Z,3.8
2017-06-21T16:41:30.464313Z,6.3
2017-06-21T16:41:30.506727Z,6.8
2017-06-21T16:41:31.068191Z,3.8
2017-06-21T16:41:31.464321Z,6.3
2017-06-21T16:41:31.506734Z,6.9
2017-06-21T16:41:32.068192Z,3.7
2017-06-21T16:41:32.464337Z,6.4
2017-06-21T16:41:32.506735Z,6.9
2017-06-21T16:41:33.068191Z,3.8
2017-06-21T16:41:33.464336Z,6.3
2017-06-21T16:41:33.506719Z,7.2
2017-06-21T16:41:34.068191Z,3.8
2017-06-21T16:41:34.464352Z,6.3
2017-06-21T16:41:34.506732Z,7.2
2017-06-21T16:41:35.068191Z,3.8
2017-06-21T16:41:35.464364Z,6.4
2017-06-21T16:41:35.506733Z,7.4
2017-06-21T16:41:36.068191Z,3.7
2017-06-21T16:41:36.464363Z,6.4
2017-06-21T16:41:36.506747Z,7.7
2017-06-21T16:41:37.068190Z,3.8
2017-06-21T16:41:37.464379Z,6.5
2017-06-21T16:41:37.506761Z,8.1
2017-06-21T16:41:38.068190Z,3.8
2017-06-21T16:41:38.464391Z,6.6
2017-06-21T16:41:38.506761Z,8.2
2017-06-21T16:41:39.068191Z,3.8
2017-06-21T16:41:39.464392Z,6.7
2017-06-21T16:41:39.506775Z,8.4
2017-06-21T16:41:40.068190Z,3.9
2017-06-21T16:41:40.464320Z,6.9
2017-06-21T16:41:40.506788Z,8.6
2017-06-21T16:41:41.068190Z,3.9
2017-06-21T16:41:41.464326Z,7.0
2017-06-21T16:41:41.506789Z,8.7
2017-06-21T16:41:42.068190Z,3.9
2017-06-21T16:41:42.464308Z,7.3
2017-06-21T16:41:42.506803Z,8.7
2017-06-21T16:41:43.068191Z,4.0
2017-06-21T16:41:43.464336Z,7.4
2017-06-21T16:41:43.506816Z,8.7
2017-06-21T16:41:44.068191Z,4.0
2017-06-21T16:41:44.464320Z,7.4
2017-06-21T16:41:44.506816Z,8.7
2017-06-21T16:41:45.068192Z,4.0
2017-06-21T16:41:45.464351Z,7.3
2017-06-21T16:41:45.506831Z,8.7
2017-06-21T16:41:46.068192Z,4.1
2017-06-21T16:41:46.464371Z,7.0
2017-06-21T16:41:46.506843Z,8.9
2017-06-21T16:41:47.068192Z,4.1
2017-06-21T16:41:47.464476Z,6.8
2017-06-21T16:41:47.506843Z,8.8
2017-06-21T16:41:48.068192Z,4.0
2017-06-21T16:41:48.464375Z,6.7
2017-06-21T16:41:48.506858Z,8.4
2017-06-21T16:41:49.068191Z,4.0
2017-06-21T16:41:49.464389Z,6.5
2017-06-21T16:41:49.506872Z,8.2
2017-06-21T16:41:50.068192Z,4.0
2017-06-21T16:41:50.464391Z,6.3
2017-06-21T16:41:50.506871Z,8.0
2017-06-21T16:41:51.068191Z,3.9
2017-06-21T16:41:51.464503Z,6.3
2017-06-21T16:41:51.506871Z,7.7
2017-06-21T16:41:52.068191Z,3.9
2017-06-21T16:41:52.464516Z,6.3
2017-06-21T16:41:52.506885Z,7.4
2017-06-21T16:41:53.068192Z,3.9
2017-06-21T16:41:53.464417Z,6.3
2017-06-21T16:41:53.506898Z,7.4
2017-06-21T16:41:54.068191Z,3.9
2017-06-21T16:41:54.464430Z,6.2
2017-06-21T16:41:54.506913Z,7.4
2017-06-21T16:41:55.068192Z,4.0
2017-06-21T16:41:55.464432Z,6.3
2017-06-21T16:41:55.506926Z,7.4
2017-06-21T16:41:56.068192Z,3.9
2017-06-21T16:41:56.464439Z,6.3
2017-06-21T16:41:56.506926Z,7.4
2017-06-21T16:41:57.068192Z,3.9
2017-06-21T16:41:57.464461Z,6.3
2017-06-21T16:41:57.506940Z,7.4
2017-06-21T16:41:58.068191Z,4.2
2017-06-21T16:41:58.464458Z,6.2
2017-06-21T16:41:58.506953Z,7.3
2017-06-21T16:41:59.068191Z,4.2
2017-06-21T16:41:59.464460Z,6.2
2017-06-21T16:41:59.506953Z,7.4
2017-06-21T16:42:00.068191Z,3.9
2017-06-21T16:42:00.464474Z,6.2
2017-06-21T16:42:00.506967Z,7.3
2017-06-21T16:42:01.068191Z,4.0
2017-06-21T16:42:01.464489Z,6.1
2017-06-21T16:42:01.506981Z,7.3
2017-06-21T16:42:02.068191Z,4.0
2017-06-21T16:42:02.464494Z,6.1
2017-06-21T16:42:02.506981Z,7.3
2017-06-21T16:42:03.068192Z,4.0
2017-06-21T16:42:03.464627Z,6.2
2017-06-21T16:42:03.506995Z,7.3
2017-06-21T16:42:04.068191Z,3.9
2017-06-21T16:42:04.464515Z,6.1
2017-06-21T16:42:04.507008Z,7.5
2017-06-21T16:42:05.068191Z,3.9
2017-06-21T16:42:05.464523Z,6.2
2017-06-21T16:42:05.507009Z,8.1
2017-06-21T16:42:06.068191Z,4.0
2017-06-21T16:42:06.464528Z,6.5
2017-06-21T16:42:06.507022Z,8.2
2017-06-21T16:42:07.068192Z,3.9
2017-06-21T16:42:07.464533Z,6.4
2017-06-21T16:42:07.507047Z,8.2
2017-06-21T16:42:08.068191Z,3.9
2017-06-21T16:42:08.464542Z,6.2
2017-06-21T16:42:08.507042Z,7.5
2017-06-21T16:42:09.068192Z,3.8
2017-06-21T16:42:09.464555Z,6.1
2017-06-21T16:42:09.507049Z,7.1
2017-06-21T16:42:10.068192Z,3.8
2017-06-21T16:42:10.464682Z,6.1
2017-06-21T16:42:10.507064Z,7.1
2017-06-21T16:42:11.068191Z,3.8
2017-06-21T16:42:11.464572Z,6.1
2017-06-21T16:42:11.507064Z,7.2
2017-06-21T16:42:12.068191Z,3.8
2017-06-21T16:42:12.464590Z,6.1
2017-06-21T16:42:12.507078Z,7.1
2017-06-21T16:42:13.068191Z,3.8
2017-06-21T16:42:13.464603Z,6.1
2017-06-21T16:42:13.506709Z,7.2
2017-06-21T16:42:14.068191Z,3.7
2017-06-21T16:42:14.464724Z,6.2
2017-06-21T16:42:14.506722Z,7.1
2017-06-21T16:42:15.068194Z,3.7
2017-06-21T16:42:15.464611Z,6.2
2017-06-21T16:42:15.506723Z,7.1
2017-06-21T16:42:16.068194Z,3.7
2017-06-21T16:42:16.464624Z,6.2
2017-06-21T16:42:16.506736Z,7.1
2017-06-21T16:42:17.068190Z,3.8
2017-06-21T16:42:17.464632Z,6.1
2017-06-21T16:42:17.506750Z,7.1
2017-06-21T16:42:18.068191Z,3.8
2017-06-21T16:42:18.464763Z,6.2
2017-06-21T16:42:18.507132Z,7.0
2017-06-21T16:42:19.068190Z,3.7
2017-06-21T16:42:19.464651Z,6.3
2017-06-21T16:42:19.507145Z,7.0
2017-06-21T16:42:20.068190Z,3.7
2017-06-21T16:42:20.464652Z,6.2
2017-06-21T16:42:20.506777Z,7.0
2017-06-21T16:42:21.068190Z,3.8
2017-06-21T16:42:21.464665Z,6.3
2017-06-21T16:42:21.506790Z,7.1
2017-06-21T16:42:22.068191Z,4.0
2017-06-21T16:42:22.464790Z,6.7
2017-06-21T16:42:22.506712Z,7.0
2017-06-21T16:42:23.068190Z,4.1
2017-06-21T16:42:23.464686Z,6.7
2017-06-21T16:42:23.506713Z,7.0
2017-06-21T16:42:24.068190Z,3.9
2017-06-21T16:42:24.464692Z,6.5
2017-06-21T16:42:24.506718Z,7.0
2017-06-21T16:42:25.068191Z,3.9
2017-06-21T16:42:25.464706Z,6.3
2017-06-21T16:42:25.506731Z,7.1
2017-06-21T16:42:26.068192Z,3.8
2017-06-21T16:42:26.464706Z,6.1
2017-06-21T16:42:26.506732Z,7.2
2017-06-21T16:42:27.068192Z,3.7
2017-06-21T16:42:27.464847Z,6.2
2017-06-21T16:42:27.506717Z,7.2
2017-06-21T16:42:28.068192Z,3.8
2017-06-21T16:42:28.464740Z,6.1
2017-06-21T16:42:28.506730Z,7.2
2017-06-21T16:42:29.068192Z,3.8
2017-06-21T16:42:29.464736Z,6.1
2017-06-21T16:42:29.506730Z,7.2
2017-06-21T16:42:30.068191Z,3.8
2017-06-21T16:42:30.464747Z,6.1
2017-06-21T16:42:30.506743Z,7.1
2017-06-21T16:42:31.068191Z,3.7
2017-06-21T16:42:31.464873Z,6.1
2017-06-21T16:42:31.506757Z,7.1
2017-06-21T16:42:32.068192Z,3.8
2017-06-21T16:42:32.464769Z,6.1
2017-06-21T16:42:32.506759Z,7.0
2017-06-21T16:42:33.068192Z,3.7
2017-06-21T16:42:33.464784Z,6.1
2017-06-21T16:42:33.506773Z,7.0
2017-06-21T16:42:34.068191Z,3.8
2017-06-21T16:42:34.464308Z,6.1
2017-06-21T16:42:34.506788Z,7.2
2017-06-21T16:42:35.068191Z,3.8
2017-06-21T16:42:35.464306Z,6.1
2017-06-21T16:42:35.506788Z,7.1
2017-06-21T16:42:36.068191Z,3.8
2017-06-21T16:42:36.464306Z,6.2
2017-06-21T16:42:36.506803Z,7.0
2017-06-21T16:42:37.068191Z,3.8
2017-06-21T16:42:37.464319Z,6.1
2017-06-21T16:42:37.506817Z,7.1
2017-06-21T16:42:38.068191Z,3.8
2017-06-21T16:42:38.464319Z,6.1
2017-06-21T16:42:38.506817Z,7.0
2017-06-21T16:42:39.068192Z,3.7
2017-06-21T16:42:39.464960Z,6.2
2017-06-21T16:42:39.506832Z,7.0
2017-06-21T16:42:40.068201Z,3.8
2017-06-21T16:42:40.464347Z,6.1
2017-06-21T16:42:40.506847Z,7.1
2017-06-21T16:42:41.068200Z,3.8
2017-06-21T16:42:41.464849Z,6.2
2017-06-21T16:42:41.506847Z,7.1
2017-06-21T16:42:42.068191Z,3.7
2017-06-21T16:42:42.464872Z,6.2
2017-06-21T16:42:42.506862Z,7.1
2017-06-21T16:42:43.068191Z,3.8
2017-06-21T16:42:43.464378Z,6.2
2017-06-21T16:42:43.506876Z,7.1
2017-06-21T16:42:44.068191Z,3.8
2017-06-21T16:42:44.464880Z,6.3
2017-06-21T16:42:44.506876Z,7.0
2017-06-21T16:42:45.068192Z,3.9
2017-06-21T16:42:45.464894Z,6.3
2017-06-21T16:42:45.506891Z,7.0
2017-06-21T16:42:46.068191Z,4.1
2017-06-21T16:42:46.464408Z,6.5
2017-06-21T16:42:46.506906Z,7.2
2017-06-21T16:42:47.068192Z,4.2
2017-06-21T16:42:47.464409Z,6.6
2017-06-21T16:42:47.506907Z,7.3
2017-06-21T16:42:48.068191Z,3.9
2017-06-21T16:42:48.464422Z,6.5
2017-06-21T16:42:48.506920Z,6.7
2017-06-21T16:42:49.068191Z,3.8
2017-06-21T16:42:49.464446Z,6.3
2017-06-21T16:42:49.506935Z,6.8
2017-06-21T16:42:50.068191Z,3.8
2017-06-21T16:42:50.464307Z,6.3
2017-06-21T16:42:50.506935Z,6.9
2017-06-21T16:42:51.068191Z,3.8
2017-06-21T16:42:51.464307Z,6.3
2017-06-21T16:42:51.506950Z,6.9
2017-06-21T16:42:52.068191Z,3.8
2017-06-21T16:42:52.464307Z,6.3
2017-06-21T16:42:52.506964Z,6.9
2017-06-21T16:42:53.068191Z,3.8
2017-06-21T16:42:53.464318Z,6.3
2017-06-21T16:42:53.506966Z,6.9
2017-06-21T16:42:54.068191Z,3.8
2017-06-21T16:42:54.464319Z,6.3
2017-06-21T16:42:54.506979Z,6.9
2017-06-21T16:42:55.068191Z,3.8
2017-06-21T16:42:55.464332Z,6.3
2017-06-21T16:42:55.506993Z,6.9
2017-06-21T16:42:56.068191Z,3.8
2017-06-21T16:42:56.464346Z,6.3
2017-06-21T16:42:56.506994Z,7.1
2017-06-21T16:42:57.068191Z,3.8
2017-06-21T16:42:57.464348Z,6.3
2017-06-21T16:42:57.507007Z,7.7
2017-06-21T16:42:58.068191Z,3.8
2017-06-21T16:42:58.464361Z,6.5
2017-06-21T16:42:58.507021Z,8.0
2017-06-21T16:42:59.068191Z,3.8
2017-06-21T16:42:59.464362Z,6.5
2017-06-21T16:42:59.507022Z,8.0
2017-06-21T16:43:00.068192Z,3.8
2017-06-21T16:43:00.464389Z,6.3
2017-06-21T16:43:00.507044Z,7.6
2017-06-21T16:43:01.068190Z,3.7
2017-06-21T16:43:01.464390Z,6.2
2017-06-21T16:43:01.507050Z,6.9
2017-06-21T16:43:02.068192Z,3.8
2017-06-21T16:43:02.464391Z,6.1
2017-06-21T16:43:02.507051Z,7.0
2017-06-21T16:43:03.068190Z,3.8
2017-06-21T16:43:03.464404Z,6.2
2017-06-21T16:43:03.507064Z,6.9
2017-06-21T16:43:04.068191Z,3.8
2017-06-21T16:43:04.464419Z,6.2
2017-06-21T16:43:04.507078Z,7.0
2017-06-21T16:43:05.068191Z,3.8
2017-06-21T16:43:05.464432Z,6.1
2017-06-21T16:43:05.507079Z,7.0
2017-06-21T16:43:06.068190Z,3.8
2017-06-21T16:43:06.464433Z,6.1
2017-06-21T16:43:06.507093Z,7.0
2017-06-21T16:43:07.068190Z,3.7
2017-06-21T16:43:07.464447Z,6.2
2017-06-21T16:43:07.507107Z,7.0
2017-06-21T16:43:08.068191Z,3.8
2017-06-21T16:43:08.464461Z,6.1
2017-06-21T16:43:08.507108Z,7.0
2017-06-21T16:43:09.068191Z,3.7
2017-06-21T16:43:09.464462Z,6.2
2017-06-21T16:43:09.507122Z,7.0
2017-06-21T16:43:10.068191Z,3.7
2017-06-21T16:43:10.464476Z,6.1
2017-06-21T16:43:10.507136Z,7.0
2017-06-21T16:43:11.068191Z,3.8
2017-06-21T16:43:11.464489Z,6.2
2017-06-21T16:43:11.507136Z,7.0
2017-06-21T16:43:12.068191Z,3.8
2017-06-21T16:43:12.464505Z,6.1
2017-06-21T16:43:12.507151Z,7.0
2017-06-21T16:43:13.068191Z,3.8
2017-06-21T16:43:13.464504Z,6.2
2017-06-21T16:43:13.507164Z,7.0
2017-06-21T16:43:14.068191Z,3.7
2017-06-21T16:43:14.464307Z,6.2
2017-06-21T16:43:14.507166Z,7.0
2017-06-21T16:43:15.068191Z,3.8
2017-06-21T16:43:15.464308Z,6.1
2017-06-21T16:43:15.507179Z,6.9
2017-06-21T16:43:16.068192Z,3.8
2017-06-21T16:43:16.464309Z,6.2
2017-06-21T16:43:16.506721Z,7.0
2017-06-21T16:43:17.068192Z,3.8
2017-06-21T16:43:17.464323Z,6.1
2017-06-21T16:43:17.506721Z,7.0
2017-06-21T16:43:18.068192Z,3.7
2017-06-21T16:43:18.464337Z,6.2
2017-06-21T16:43:18.506707Z,7.0
2017-06-21T16:43:19.068192Z,3.7
2017-06-21T16:43:19.464337Z,6.1
2017-06-21T16:43:19.506721Z,7.0
2017-06-21T16:43:20.068191Z,3.8
2017-06-21T16:43:20.464351Z,6.2
2017-06-21T16:43:20.506722Z,7.0
2017-06-21T16:43:21.068192Z,3.7
2017-06-21T16:43:21.464364Z,6.1
2017-06-21T16:43:21.506735Z,7.0
2017-06-21T16:43:22.068192Z,3.8
2017-06-21T16:43:22.464366Z,6.2
2017-06-21T16:43:22.506749Z,7.0
2017-06-21T16:43:23.068192Z,3.8
2017-06-21T16:43:23.464380Z,6.1
2017-06-21T16:43:23.506750Z,7.1
2017-06-21T16:43:24.068192Z,3.8
2017-06-21T16:43:24.464395Z,6.1
2017-06-21T16:43:24.506763Z,7.0
2017-06-21T16:43:25.068192Z,3.7
2017-06-21T16:43:25.464396Z,6.2
2017-06-21T16:43:25.506777Z,7.0
2017-06-21T16:43:26.068192Z,4.3
2017-06-21T16:43:26.464309Z,6.3
2017-06-21T16:43:26.506778Z,7.0
2017-06-21T16:43:27.068192Z,3.7
2017-06-21T16:43:27.464426Z,5.9
2017-06-21T16:43:27.506792Z,6.9
2017-06-21T16:39:18.944504Z,1.7
2017-06-21T16:39:19.508504Z,0.7
2017-06-21T16:39:19.508961Z,1.5
2017-06-21T16:39:19.944503Z,1.7
2017-06-21T16:39:20.507520Z,0.7
2017-06-21T16:39:20.508962Z,1.5
2017-06-21T16:39:20.944515Z,1.7
2017-06-21T16:39:21.507521Z,0.7
2017-06-21T16:39:21.508961Z,1.5
2017-06-21T16:39:21.944530Z,1.7
2017-06-21T16:39:22.507535Z,0.7
2017-06-21T16:39:22.508962Z,1.5
2017-06-21T16:39:22.944530Z,1.6
2017-06-21T16:39:23.507548Z,0.8
2017-06-21T16:39:23.508961Z,1.5
2017-06-21T16:39:23.944546Z,1.6
